{"cameraMode":{"drawMode":0,"name":"Shaded","section":"Shading Mode"},"sceneLighting":true,"audioPlay":false,"sceneViewState":{"showFog":true,"showMaterialUpdate":false,"showSkybox":true,"showFlares":true,"showImageEffects":true,"showParticleSystems":true},"in2DMode":false,"pivot":{"x":196.02310180664063,"y":-94.42203521728516,"z":-5.5410051345825199},"rotation":{"x":-0.1725946068763733,"y":-0.7043709754943848,"z":0.1831573098897934,"w":-0.663732647895813},"size":166.94473266601563,"orthographic":false}