{"cameraMode":{"drawMode":0,"name":"Shaded","section":"Shading Mode"},"sceneLighting":true,"audioPlay":false,"sceneViewState":{"showFog":true,"showMaterialUpdate":false,"showSkybox":true,"showFlares":true,"showImageEffects":true,"showParticleSystems":true},"in2DMode":false,"pivot":{"x":44.383026123046878,"y":-46.33049011230469,"z":-42.786006927490237},"rotation":{"x":0.1397012323141098,"y":0.7778607606887817,"z":-0.1861557811498642,"w":0.583755373954773},"size":92.82125854492188,"orthographic":false}