{"cameraMode":{"drawMode":0,"name":"Shaded","section":"Shading Mode"},"sceneLighting":false,"audioPlay":false,"sceneViewState":{"showFog":true,"showMaterialUpdate":false,"showSkybox":false,"showFlares":true,"showImageEffects":true,"showParticleSystems":true},"in2DMode":false,"pivot":{"x":3.1599998474121095,"y":17.36732292175293,"z":7.879877090454102},"rotation":{"x":0.19012010097503663,"y":0.0338636077940464,"z":-0.006561825517565012,"w":0.9811615943908691},"size":6.157623291015625,"orthographic":false}